target,NLogPvalue,Count,HitRatio
A,2.0,7,0.38834523069256066
B,1.6714285714285715,7,0.3236929119080304
C,1.342857142857143,7,0.4554084542287288
D,1.0142857142857142,3,0.4921121441848123
E,0.6857142857142857,3,0.2135894609302373
F,0.3571428571428572,2,0.2846055900989527
G,0.02857142857142847,1,0.462355895710294
H,-0.3,5,0.4805325825222997
